SimTime	시뮬레이션 시간	시뮬레이션 시간	s	0	432000
T_AmbC	대기온도	대기온도	℃		
P_HBk_0	고압뱅크 초기 압력	HBk 초기 압력	MPa		
D2On	디스펜서 2 적용 여부	Dispenser 2 (1)적용, (0)미적용	-	0	1
ContOn	연속충전 적용 여부	연속충전 (1)적용, (0)미적용	-	0	1
t_PreRun	버퍼탱크 충전 시간	Buffer Tk 충전시간. 이 시간 동안 모빌리티 충전은 대기	min	0	
t_PreSet1	시뮬레이션 전 디스펜서 1 세팅 시간	시뮬레이션 시작 전, Dispenser1의 Setting 시간	s	0	
t_PreSet2	시뮬레이션 전 디스펜서 2 세팅 시간	시뮬레이션 시작 전, Dispenser2의 Setting 시간	s	0	
Q_Fire	Q_Fire				
CompMod	압축기 작동 모드	(1)충전스텝에 따라 Cp 가동, (2)Bk 압력에 따라 Cp 가동	-	1	2
LqTkFill	초기 충전율	탱크의 초기 충전율	%	0	100
D_LqTk	내부 직경	탱크내경. "0"을 입력하면, "직경 : 길이 = 1 : 3"으로 자동계산	m	0	
V_LqTk	부피	탱크의 Volume	m3	0	
LqTk_Type	타입	Tk Type (1)Horizontal cylinder, (2)Vertical cylinder	-	1	2
dt_BOG	BOG Time Step	BOG Simulation 전용 SFC에서 적용하는 Time Step	s	0.5	
SP_LqTk_0	초기 압력	LqTk 초기압력(포화압력, Saturation Pressure)	MPaa	0	
R_QInG	열 전달율	액상부와 내조 사이 열전달율이 1이라고 할 때, 기상부와 내조 사이 열전달율. 0과 1사이의 값을 가지게 됨	-	0	1
NER	KGS 코드 계산값	"0"을 입력하면, KGS코드에 따라 자동 계산	%	0	
Head_Type	헤드 타입	Head Type (1)Semi-Elliptical head, (2)Hemispherical head, (3)Flat head	-	1	2
Max_iter	lteration 최대값	Iteration 최대값	-	0	
tol	tol	tol	-	0	
T_GTkOvH	기상부 오버히트 온도	액상부 비점 대비 기상부 오버히트 온도	K	0	
Q_hf_In	Heat flux 입력값	내조 외면으로 들어가는 heat flux 입력값. 액상부의 경우 이것이 100%(Q_hf * 1) 액체가스로 전달되고, 기상부의 경우 R_QInG 비율 만큼(Q_hf * R_QInG)이 기체가스로 전달된다고 가정함. 이 값에 "0"을 입력하면 NER 기반으로 자동 계산함	kJ/m2-s	0	
P_LTL	P_LTL				
T_LTL	T_LTL				
m_LTL	m_LTL				
LTLOn	LTLOn				
P_GTkIn	P_GTkIn				
T_GTkIn	T_GTkIn				
m_GTkIn	m_GTkIn				
m_LTkOut	m_LTkOut				
PBUOn	PBUOn				
PpOn	펌프 작동 여부	"1"이면 펌프 작동, "0"이면 펌프 미작동	-	0	1
PSVOn_LqTk	PSV 작동 여부	"1"이면 PSV 작동, "0"이면 PSV 미작동	-	0	1
P_PSVSet_LqTk	분출량 결정 압력	분출량결정압력	MPa	0	
m_PSVCa_LqTk	PSV 분출 용량	PSV 분출용량	kg/h	0	
F_Clos_LqTk	Closure Start 압력	Descending Phase에서 Closure Start하는 압력은 "P_PSV_Setg x F_Closure"	-	0	1
F_FOp_LqTk	PSV Full Open 압력	PSV가 Full Open 되는 압력은 "P_PSV_Setg x F_FullOpen"	-	1	
P_Out_LqPp	펌프 인출 압력	펌프 인출 압력(Low Pressure Pump)	MPa	0	
N_LqPp	펌프 수량	펌프 수량	ea	1	
P_InHH	펌프 인입 압력 HH	펌프 인입압력 HH	MPa	0	
P_InH	펌프 인입 압력 H	펌프 인입압력 H	MPa	0	
T_InHH	펌프 인입 온도 HH	펌프 인입온도 HH	K	0	
T_InH	펌프 인입 온도 H	펌프 인입온도 H	K	0	
Eta_LqPp	펌프 효율	펌프 효율: 일반적으로 피스톤식 0.7-0.85, 터보식 0.85(소요전력 계산시 적용)	-	0	1
V_ref_LqPp	실제 이송 체적	Pump 1회전당 실재 이송 체적	m3/h	0	
Sp_Ref_LqPp	펌프 초당 회전수	펌프의 초당 회전(왕복)수	RPS	0	
eta_v_LPPp	펌프 체적 효율성	펌프 Voumetric Efficiency	-	0	
N_Vap	기화기 수량	Vaporizer 수량	ea	0	
VapElecOn	기화기 에너지원	Vaporizer 에너지원 (0)대기식, (1)전기식	-	0	1
Eta_Vap	기화기 시스템 효율	Vaporizer 시스템 효율	-	0	1
HeatElecOn	히터 에너지원	Heater 에너지원 (0)대기식, (1)전기식	-	0	1
Eta_Heat	히터 시스템 효율	Heater 시스템 효율	-	0	1
T_OutVapSet	기화기 출구 온도	Vaporizer 출구 온도	K	0	
T_OutHeatSet	히터 출구 온도	Heater 출구 온도	K	0	
m_VapCapa	기화기 증방 용량	Vaporizer 증발용량	kg/h	0	
N_Source	Source의 수량	Source(Electrolysis or Pipe)의 수량	ea	1	
P_Source	Source의 압력	Source(Electrolysis or Pipe)의 압력	MPa	0	
T_SourceC	Source의 온도	Source(Electrolysis or Pipe)의 온도	℃	-273.15	
m_Source	Source의 유량	Source(Electrolysis or Pipe)의 유량	kg/h	0	
V_BufInd1	부피	개별 Tank의 Volume	m3	0	
N_Buf1	수량	Tank 수량	ea	1	
P_BufMax1	내부 최고 압력	Tank 최고압력	MPa	0	
P_Buf_RC1	재충전 압력	Tank Recharge Pressure	MPa	0	
P_Buf_01	초기 압력	Tank 초기압력	MPa	0	
P_BufMin1	내부 최저 압력	Tank 최저압력	MPa	0	
d_BufInlet1	용기 입구 직경	단위 Tank 입구 직경	m	0	
d_BufOutlet1	용기 출구 직경	단위 Tank 출구 직경	m	0	
Thick_Buf1	용기 동판 두께	단위 Tank 동판 두께	m	0	
L_Buf1	용기 동판 길이	단위 Tank 동판 길이	m	0	
rho_BufComp1	동판 복합재료 밀도	단위 Tank 동판 복합재료 밀도	kg/m3	0	
rho_BufLin1	동판 라이너 밀도	단위 Tank 동판 라이너 밀도	kg/m3	0	
k_BufComp1	동판 복합재료 열전도도	단위 Tank 동판 복합재료 열전도도(thermal conductivity) 	kW/mK	0	
k_BufLin1	동판 라이너 여전도도	단위 Tank 동판 라이너 열전도도(thermal conductivity) 	kW/mK	0	
Cp_BufComp1	동판 복합재료 비열	단위 Tank 동판 복합재료 비열(Specific Heat Capacity)	kJ/kg℃	0	
Cp_BufLin1	동판 라이너 비열	단위 Tank 동판 라이너 비열(Specific Heat Capacity)	kJ/kg℃	0	
V_BufInd2	부피	개별 Tank의 Volume	m3	0	
N_Buf2	수량	Tank 수량	ea	1	
P_BufMax2	내부 최고 압력	Tank 최고압력	MPa	0	
P_Buf_RC2	재충전 압력	Tank Recharge Pressure	MPa	0	
P_Buf_02	초기 압력	Tank 초기압력	MPa	0	
P_BufMin2	내부 최저 압력	Tank 최저압력	MPa	0	
d_BufInlet2	용기 입구 직경	단위 Tank 입구 직경	m	0	
d_BufOutlet2	용기 출구 직경	단위 Tank 출구 직경	m	0	
Thick_Buf2	용기 동판 두께	단위 Tank 동판 두께	m	0	
L_Buf2	용기 동판 길이	단위 Tank 동판 길이	m	0	
rho_BufComp2	동판 복합재료 밀도	단위 Tank 동판 복합재료 밀도	kg/m3	0	
rho_BufLin2	동판 라이너 밀도	단위 Tank 동판 라이너 밀도	kg/m3	0	
k_BufComp2	동판 복합재료 열전도도	단위 Tank 동판 복합재료 열전도도(thermal conductivity) 	kW/mK	0	
k_BufLin2	동판 라이너 열전도도	단위 Tank 동판 라이너 열전도도(thermal conductivity) 	kW/mK	0	
Cp_BufComp2	동판 복합재료 비열	단위 Tank 동판 복합재료 비열(Specific Heat Capacity)	kJ/kg℃	0	
Cp_BufLin2	동판 라이너 비열	단위 Tank 동판 라이너 비열(Specific Heat Capacity)	kJ/kg℃	0	
TTChangeDo	TT Change 실행	TT Reset 기능 사용 (1)사용, (0)미사용	-	0	1
BkResetDo	Bank Reset 실행	Bank Reset 기능 사용 (1)사용, (0)미사용	-	0	1
Target_NFu	몇대 충전후 TT 또는 Bk Reset	모빌리티 Target_NFu대 충전 후 TT Reset 적용	ea	1	
Term_Refill	Bk Reset을 위한 Refill 시간	Bank Refill 시간	s	0	
V_TTInd1	부피	TT 구성 용기 1개의 체적	m3	0	
N_TT1	수량	TT 구성 용기의 수량	ea	1	
P_TTMax1	내부 최고 압력	TT 내부 최고 압력	MPa	0	
P_TTMin1	내부 최저 압력	TT 내부 최저 압력 (이 압력에서 TT 교체 (넥쏘8.5, 버스10))	MPa	0	
T_TT_0C1	내부 온도	T_TT_0C에 "-1"을 입력하면 T_Amb가 T_TT_0에 적용됨	℃		
d_TTInlet1	용기 입구 직경	TT 용기 입구 직경	m	0	
d_TTOutlet1	용기 출구 직경	TT 용기 출구 직경	m	0	
Thick_TT1	용기 동판 두께	TT 용기 동판 두께	m	0	
L_TT1	용기 동판 길이	TT 용기 동판 길이	m	0	
rho_TTComp1	동판 복합재료 밀도	TT 용기 동판 복합재료 밀도	kg/m3	0	
rho_TTLin1	동판 라이너 밀도	TT 용기 동판 라이너 밀도	kg/m3	0	
k_TTComp1	동판 복합재료 열전도도	TT 용기 동판 복합재료 열전도도(thermal conductivity) 	kW/mK	0	
k_TTLin1	동판 라이너 열전도도	TT 용기 동판 라이너 열전도도(thermal conductivity) 	kW/mK	0	
Cp_TTComp1	동판 복합재료 비열	TT 용기 동판 복합재료 비열(Specific Heat Capacity)	kJ/kg℃	0	
Cp_TTLin1	동판 라이너 비열	TT 용기 동판 라이너 비열(Specific Heat Capacity)	kJ/kg℃	0	
V_TTInd2	부피	TT 구성 용기 1개의 체적	m3	0	
N_TT2	수량	TT 구성 용기의 수량	ea	1	
P_TTMax2	내부 최고 압력	TT 내부 최고 압력	MPa	0	
P_TTMin2	내부 최저 압력	TT 내부 최저 압력	MPa	0	
T_TT_0C2	내부 온도	T_Tk_0C에 "-1"을 입력하면 T_Amb가 T_Tk_0에 적용됨	℃	-273.15	
d_TTInlet2	용기 입구 직경	TT 용기 입구 직경	m	0	
d_TTOutlet2	용기 출구 직경	TT 용기 출구 직경	m	0	
Thick_TT2	용기 동판 두께	TT 용기 동판 두께	m	0	
L_TT2	용기 동판 길이	TT 용기 동판 길이	m	0	
rho_TTComp2	동판 복합재료 밀도	TT 용기 동판 복합재료 밀도	kg/m3	0	
rho_TTLin2	동판 라이너 밀도	TT 용기 동판 라이너 밀도	kg/m3	0	
k_TTComp2	동판 복합재료 열전도도	TT 용기 동판 복합재료 열전도도(thermal conductivity) 	kW/mK	0	
k_TTLin2	동판 라이너 열전도도	TT 용기 동판 라이너 열전도도(thermal conductivity) 	kW/mK	0	
Cp_TTComp2	동판 복합재료 비열	TT 용기 동판 복합재료 비열(Specific Heat Capacity)	kJ/kg℃	0	
Cp_TTLin2	동판 라이너 비열	TT 용기 동판 라이너 비열(Specific Heat Capacity)	kJ/kg℃	0	
D100L	Dispenser 1 Step 0	Dispenser 1 Step 0	-	0	1
D110L	Dispenser 1 Step 10	Dispenser 1 Step 10	-	0	1
D120L	Dispenser 1 Step 20	Dispenser 1 Step 20	-	0	1
D130L	Dispenser 1 Step 30	Dispenser 1 Step 30	-	0	1
CpNFL	압축기 가압 조건	Comp Operation when No Fueling. 이 값이 1이면 모빌리티에 충전하는 동안 압축기에 의한 가압을 하지 않도록 작동	-	0	1
D200L	Dispenser 2 Step 0	Dispenser 2 Step 0	-	0	1
D210L	Dispenser 2 Step 10	Dispenser 2 Step 10	-	0	1
D220L	Dispenser 2 Step 20	Dispenser 2 Step 20	-	0	1
D230L	Dispenser 2 Step 30	Dispenser 2 Step 30	-	0	1
SsssL	예비	예비	-	0	1
N_LCp	저압 압축기 수량	저압 압축기 수량	ea	1	
P_CpInMaxL	P_CpInMaxL				
P_CpInMinL	P_CpInMinL				
P_refL	압축기 Refrence 압력	저압 압축기 Refrence 압력	MPa	0	
T_refCL	압축기 Refrence 온도	저압 압축기 Refrence 온도	℃	-273.15	
m_Cp_refL	압축기 Refrence 용량	저압 압축기 Refrence 용량	kg/h	0	
Sp_CpL	압축기 분당 Speed	저압 압축기 분당 Speed	RPM	0	
EtaVL	압축기 체적 효율성	저압 압축기 Voumetric Efficiency	-	0	1
Eta_CompL	압축기 등엔트로피 효율	압축기 등엔트로피효율(isentropic efficiency): 보통 0.7~0.9	-	0	1
Eta_motorL	압축기 전동기 효율	전동기 효율: 보통 0.9~0.5	-	0	1
T_CoolSetCL	압축기 쿨링 목표 온도	쿨링 목표온도	℃	-273.15	
COPL	압축기 성능 계수	Coefficient of Performance(성능 계수). 공랭식 2.5 - 4.0, 수냉식 4.0 - 6.0	-		
D100M	Dispenser 1 Step 0	Dispenser 1 Step 0	-	0	1
D110M	Dispenser 1 Step 10	Dispenser 1 Step 10	-	0	1
D120M	Dispenser 1 Step 20	Dispenser 1 Step 20	-	0	1
D130M	Dispenser 1 Step 30	Dispenser 1 Step 30	-	0	1
CpNFM	압축기 가가압 조건	Comp Operation when No Fueling. 이 값이 1이면 모빌리티에 충전하는 동안 압축기에 의한 가압을 하지 않도록 작동	-	0	1
D200M	Dispenser 2 Step 0	Dispenser 2 Step 0	-	0	1
D210M	Dispenser 2 Step 10	Dispenser 2 Step 10	-	0	1
D220M	Dispenser 2 Step 20	Dispenser 2 Step 20	-	0	1
D230M	Dispenser 2 Step 30	Dispenser 2 Step 30	-	0	1
SsssM	예비	예비	-	0	1
N_MCp	압축기 수량	압축기 수량	ea	1	
P_CpInMaxM	P_CpInMaxM				
P_CpInMinM	P_CpInMinM				
P_refM	압축기 Refrence 압력	압축기 Refrence 압력	MPa	0	
T_refCM	압축기 Refrence 온도	압축기 Refrence 온도	℃	-273.15	
m_Cp_refM	압축기 Refrence 용량	압축기 Refrence 용량	kg/h	0	
Sp_CpM	압축기 분당 Speed	압축기 분당 Speed	RPM	0	
EtaVM	압축기 체적 효율성	압축기 Voumetric Efficiency	-	0	1
Eta_CompM	압축기 등엔트로피 효율	압축기 등엔트로피효율(isentropic efficiency): 보통 0.7~0.9	-	0	1
Eta_motorM	압축기 전동기 효율	전동기 효율: 보통 0.9~0.5	-	0	1
T_CoolSetCM	압축기 쿨링 목표 온도	쿨링 목표온도	℃	-273.15	
COPM	압축기 성능 계수	Coefficient of Performance(성능 계수). 공랭식 2.5 - 4.0, 수냉식 4.0 - 6.0	-		
D100M2	Dispenser 1 Step 0	Dispenser 1 Step 0	-	0	1
D110M2	Dispenser 1 Step 10	Dispenser 1 Step 10	-	0	1
D120M2	Dispenser 1 Step 20	Dispenser 1 Step 20	-	0	1
D130M2	Dispenser 1 Step 30	Dispenser 1 Step 30	-	0	1
S500M2	예비	예비	-	0	1
D200M2	Dispenser 2 Step 0	Dispenser 2 Step 0	-	0	1
D210M2	Dispenser 2 Step 10	Dispenser 2 Step 10	-	0	1
D220M2	Dispenser 2 Step 20	Dispenser 2 Step 20	-	0	1
D230M2	Dispenser 2 Step 30	Dispenser 2 Step 30	-	0	1
SsssM2	예비	예비	-	0	1
N_MCp2	압축기 수량	압축기 수량	ea	1	
P_CpInMaxM2	P_CpInMaxM2				
P_CpInMinM2	P_CpInMinM2				
P_refM2	압축기 Refrence 압력	압축기 Refrence 압력	MPa	0	
T_refCM2	압축기 Refrence 온도	압축기 Refrence 온도	℃	-273.15	
m_Cp_refM2	압축기 Refrence 용량	압축기 Refrence 용량	kg/h	0	
Sp_CpM2	압축기 분당 Speed	압축기 분당 Speed	RPM	0	
EtaVM2	압축기 체적 효율성	압축기 Voumetric Efficiency	-	0	1
Eta_CompM2	압축기 등엔트로피 효율	압축기 등엔트로피효율(isentropic efficiency): 보통 0.7~0.9	-	0	1
Eta_motorM2	압축기 전동기 효율	전동기 효율: 보통 0.9~0.5	-	0	1
T_CoolSetCM2	압축기 쿨링 목표 온도	쿨링 목표온도	℃	-273.15	
COPM2	압축기 성능 계수	Coefficient of Performance(성능 계수). 공랭식 2.5 - 4.0, 수냉식 4.0 - 6.0	-		
D100H	Dispenser 1 Step 0	Dispenser 1 Step 0	-	0	1
D110H	Dispenser 1 Step 10	Dispenser 1 Step 10	-	0	1
D120H	Dispenser 1 Step 20	Dispenser 1 Step 20	-	0	1
D130H	Dispenser 1 Step 30	Dispenser 1 Step 30	-	0	1
S500H	예비	예비	-	0	1
D200H	Dispenser 2 Step 0	Dispenser 2 Step 0	-	0	1
D210H	Dispenser 2 Step 10	Dispenser 2 Step 10	-	0	1
D220H	Dispenser 2 Step 20	Dispenser 2 Step 20	-	0	1
D230H	Dispenser 2 Step 30	Dispenser 2 Step 30	-	0	1
SsssH	예비	예비	-	0	1
N_HCp	압축기 수량	압축기 수량	ea	1	
P_CpInMaxH	P_CpInMaxH				
P_CpInMinH	P_CpInMinH				
P_refH	압축기 Refrence 압력	압축기 Refrence 압력	MPa	0	
T_refCH	압축기 Refrence 온도	압축기 Refrence 온도	℃	-273.15	
m_Cp_refH	압축기 Refrence 용량	압축기 Refrence 용량	kg/h	0	
Sp_CpH	압축기 분당 Speed	압축기 분당 Speed	RPM	0	
EtaVH	압축기 체적 효율성	압축기 Voumetric Efficiency	-	0	1
Eta_CompH	압축기 등엔트로피 효율	압축기 등엔트로피효율(isentropic efficiency): 보통 0.7~0.9	-	0	1
Eta_motorH	압축기 전동기 효율	전동기 효율: 보통 0.9~0.5	-	0	1
T_CoolSetCH	압축기 쿨링 목표 온도	쿨링 목표온도	℃	-273.15	
COPH	압축기 성능 계수	Coefficient of Performance(성능 계수). 공랭식 2.5 - 4.0, 수냉식 4.0 - 6.0	-		
V_TkIndL	부피	개별 Tank의 부피	m3	0	
N_TkL	수량	탱크 개수	ea	1	
P_TkMaxL	내부 최고 압력	Tank 내부 최고 압력	MPa	0	
P_TkMinL	내부 최저 압력	Tank 내부 최저 압력	MPa	0	
FuMoOnL	차압 충전 여부	LBk에서 Vehicle에 차압충전 여부 (1)실시 (2)미실시	-	0	1
T_Tk_0CL	내부 온도	Tank 내부 초기 온도. T_Tk_0C에 "-1"을 입력하면 T_Amb가 T_Tk_0에 적용됨.	℃	-273.15	
d_TkInletL	용기 입구 직경	단위 Tank 입구 직경	m	0	
d_TkOutletL	용기 출구 직경	단위 Tank 출구 직경	m	0	
Thick_TkL	용기 동판 두께	단위 Tank 동판 두께	m	0	
L_TkL	용기 동판 길이	단위 Tank 동판 길이	m	0	
rho_CompL	동판 복합재료 밀도	단위 Tank 동판 복합재료 밀도	kg/m3	0	
rho_LinL	동판 라이너 밀도	단위 Tank 동판 라이너 밀도	kg/m3	0	
k_CompL	동판 복합재료 열전도도	단위 Tank 동판 복합재료 열전도도(thermal conductivity) 	kW/mK	0	
k_LinL	동판 라이너 열전도도	단위 Tank 동판 라이너 열전도도(thermal conductivity) 	kW/mK	0	
Cp_CompL	동판 복합재료 비열	단위 Tank 동판 복합재료 비열(Specific Heat Capacity)	kJ/kg℃	0	
Cp_LinL	동판 라이너 비열	단위 Tank 동판 라이너 비열(Specific Heat Capacity)	kJ/kg℃	0	
KdL	분출 계수	분출계수	-		
KbL	배압 보정 계수	배압보정계수	-		
KcL	파열판 설치 보정 계수	파열판설치보정계수	-		
P_OpFullRateL	PSV 개방개시압력 대비 완전개방압력 비율	PSV 개방개시압력역 대비 완전개방압력 비율	-		
TwL	탱크 표면 온도	Tank 표면온도	K		
V_TkIndM	부피	개별 Tank의 부피	m3	0	
N_TkM	수량	탱크 개수	ea	1	
P_TkMaxM	내부 최고 압력	Tank 내부 최고 압력	MPa	0	
P_TkMinM	내부 최저 압력	Tank 내부 최저 압력	MPa	0	
FuMoOnM	차압 충전 여부	MBk에서 Vehicle에 차압충전 여부 (1)실시 (2)미실시	-	0	1
T_Tk_0CM	내부 온도	Tank 내부 초기 온도. T_Tk_0C에 "-1"을 입력하면 T_Amb가 T_Tk_0에 적용됨.	℃	-273.15	
d_TkInletM	용기 입구 직경	단위 Tank 입구 직경	m	0	
d_TkOutletM	용기 출구 직경	단위 Tank 출구 직경	m	0	
Thick_TkM	용기 동판 두께	단위 Tank 동판 두께	m	0	
L_TkM	용기 동판 길이	단위 Tank 동판 길이	m	0	
rho_CompM	동판 복합재료 밀도	단위 Tank 동판 복합재료 밀도	kg/m3	0	
rho_LinM	동판 라이너 밀도	단위 Tank 동판 라이너 밀도	kg/m3	0	
k_CompM	동판 복합재료 열전도도	단위 Tank 동판 복합재료 열전도도(thermal conductivity) 	kW/mK	0	
k_LinM	동판 라이너 열전도도	단위 Tank 동판 라이너 열전도도(thermal conductivity) 	kW/mK	0	
Cp_CompM	동판 복합재료 비열	단위 Tank 동판 복합재료 비열(Specific Heat Capacity)	kJ/kg℃	0	
Cp_LinM	동판 라이너 비열	단위 Tank 동판 라이너 비열(Specific Heat Capacity)	kJ/kg℃	0	
KdM	분출 계수	분출계수	-		
KbM	배압 보정 계수	배압보정계수	-		
KcM	파열판 설치 보정 계수	파열판설치보정계수	-		
P_OpFullRateM	PSV 개방개시압력 대비 완전개방압력 비율	PSV 개방개시압력역 대비 완전개방압력 비율	-		
TwM	탱크 표면 온도	Tank 표면온도	K		
V_TkIndH	부피	개별 Tank의 부피	m3	0	
N_TkH	수량	탱크 개수	ea	1	
P_TkMaxH	내부 최고 압력	Tank 내부 최고 압력	MPa	0	
P_TkMinH	내부 최저 압력	Tank 내부 최저 압력	MPa	0	
T_Tk_0CH	내부 온도	Tank 내부 초기온도. "999" 입력시 T_Amb로 대체됨	℃	-273.15	
d_TkInletH	용기 입구 직경	단위 Tank 입구 직경	m	0	
d_TkOutletH	용기 출구 직경	단위 Tank 출구 직경	m	0	
Thick_TkH	용기 동판 두께	단위 Tank 동판 두께	m	0	
L_TkH	용기 동판 길이	단위 Tank 동판 길이	m	0	
rho_CompH	동판 복합재료 밀도	단위 Tank 동판 복합재료 밀도	kg/m3	0	
rho_LinH	동판 라이너 밀도	단위 Tank 동판 라이너 밀도	kg/m3	0	
k_CompH	동판 복합재료 열전도도	단위 Tank 동판 복합재료 열전도도(thermal conductivity) 	kW/mK	0	
k_LinH	동판 라이너 열전도도	단위 Tank 동판 라이너 열전도도(thermal conductivity) 	kW/mK	0	
Cp_CompH	동판 복합재료 비열	단위 Tank 동판 복합재료 비열(Specific Heat Capacity)	kJ/kg℃	0	
Cp_LinH	동판 라이너 비열	단위 Tank 동판 라이너 비열(Specific Heat Capacity)	kJ/kg℃	0	
KdH	분출 계수	분출계수	-		
KbH	배압 보정 계수	배압보정계수	-		
KcH	파열판 설치 보정 계수	파열판설치보정계수	-		
P_OpFullRateH	PSV 개방개시압력 대비 완전개방압력 비율	PSV 개방개시압력역 대비 완전개방압력 비율	-		
TwH	탱크 표면 온도	Tank 표면온도	K		
Kv1301	유량 계수	Flow Coefficient (metric)	m³/h	0	
d_In1301	충전라인 입구 직경	충전라인 입구 직경	m	0	
d_Out1301	충전라인 출구 직경	충전라인 출구 직경	m	0	
Kv1401	유량 계수	Flow Coefficient (metric)	m³/h	0	
d_In1401	충전라인 입구 직경	충전라인 입구 직경	m	0	
d_Out1401	충전라인 출구 직경	충전라인 출구 직경	m	0	
Kv1501	유량 계수	Flow Coefficient (metric)	m³/h	0	
d_In1501	충전라인 입구 직경	충전라인 입구 직경	m	0	
d_Out1501	충전라인 출구 직경	충전라인 출구 직경	m	0	
Kv1302	유량 계수	Flow Coefficient (metric)	m³/h	0	
d_In1302	충전라인 입구 직경	충전라인 입구 직경	m	0	
d_Out1302	충전라인 출구 직경	충전라인 출구 직경	m	0	
Kv1402	유량 계수	Flow Coefficient (metric)	m³/h	0	
d_In1402	충전라인 입구 직경	충전라인 입구 직경	m	0	
d_Out1402	충전라인 출구 직경	충전라인 출구 직경	m	0	
Kv1502	유량 계수	Flow Coefficient (metric)	m³/h	0	
d_In1502	충전라인 입구 직경	충전라인 입구 직경	m	0	
d_Out1502	충전라인 출구 직경	충전라인 출구 직경	m	0	
EA_Disp1	디스펜서 개수	동일 종류 Dispenser 개수	ea	1	
P_Class1	충전소 압력 등급	충전소 압력등급(70MPa, 35MPa 등)	MPa		
T_BaC1	공급 가스 온도	공급 가스 온도	℃	-273.15	50
m_HFPLim1	충전 유량 상한	충전 유량 상한	g/s	60	300
t_BrkMax1	충전과 충전 사이의 준비 시간	충전과 충전 사이의 준비 시간	s	0	
HFPMode1	충전 프로토콜 모드	충전프로토콜 모드	-	1	3
ComOn1	통신 방식 적용 여부	값이 "0"이면 비통신 충전, "1"이면 통신 충전	-	0	1
Kv_Max1	FCV 완전개방상태 유량	FCV 완전개방 상태의 Flow Coefficient (metric)	m³/h	0	
dP_BkCh1	Bank Charge 실행 차압	Bank change 실행 차압(FCV최소 입구압력보다 dP_BkCh 만큼 더 높은 압력에서 Bank change 실행)	MPa	0	
COP1	선쿨러의 성능 계수	PreCooler의 Coefficient of Performance (1.5 - 3.5의 값)	-		
V_TkMode1	자동차 용기 Volume	Tank Volume의 종류. "11"은 넥소, 12는 일렉시티임.	-	0	
TVL1	자동차 용기 중 가장 큰 것의 부피	자동차 용기 중 가장 큰 것의 Volume	L		
TV1	자동차 용기 전체 부피	자동차 용기 전체의 Volume	L		
P_Tk_01	탱크 초기 압력	Tank 초기 압력	MPa	0	
SOC_G1	SOC 목표	Goal of SOC	%	0	100
T_Tk_0C1	탱크 초기 온도	Tank 초기 온도. "999"를 입력하면 T_Amb를 T_Tk_0로 봄.	℃	-273.15	
EA_Disp2	디스펜서 개수	동일 종류 Dispenser 개수	ea	1	
P_Class2	충전소 압력 등급	충전소 압력등급(70MPa, 35MPa 등)	MPa		
T_BaC2	공급 가스 온도	공급 가스 온도	℃	-273.15	50
m_HFPLim2	충전 유량 상한	충전 유량 상한	g/s	60	300
t_BrkMax2	충전과 충전 사이의 준비 시간	충전과 충전 사이의 준비 시간	s	0	
HFPMode2	충전 프로토콜 모드	충전프로토콜 모드	-	1	3
ComOn2	통신 방식 적용 여부	값이 "0"이면 비통신 충전, "1"이면 통신 충전	-	0	1
Kv_Max2	FCV 완전개방상태 유량	FCV 완전개방 상태의 Flow Coefficient (metric)	m³/h	0	
dP_BkCh2	Bank Charge 실행 차압	Bank change 실행 차압(FCV최소 입구압력보다 dP_BkCh 만큼 더 높은 압력에서 Bank change 실행)	MPa	0	
COP2	선쿨러의 성능 계수	PreCooler의 Coefficient of Performance (1.5 - 3.5의 값)	-		
V_TkMode2	탱크 부피 종류	Tank Volume의 종류. "11"은 넥소, 12는 일렉시티임.	-	0	
TVL2	자동차 용기 중 가장 큰 것의 부피	자동차 용기 중 가장 큰 것의 Volume	L		
TV2	자동차 용기 전체 부피	자동차 용기 전체의 Volume	L		
P_Tk_02	탱크 초기 압력	Tank 초기 압력	MPa	0	
SOC_G2	SOC 목표	Goal of SOC	%	0	100
T_Tk_0C2	탱크 초기 온도	Tank 초기 온도. "999"를 입력하면 T_Amb를 T_Tk_0로 봄.	℃	-273.15	
N_InSelec	N_InSelec	(1)T_AmbC+T_BaC, (2)T_AmbC+P_Tk0C, (3)T_BaC+P_Tk0C	-	1	3
N_OutSelec	N_OutSelec	(1)T_TkMax, (2)t_Elep	-	1	2
T_AmbC_Min	최소 대기 온도	T_AmbC 값의 최소값	℃	-40	50
T_AmbC_Max	최대 대기 온도	T_AmbC 값의 최대값	℃	-40	50
T_BaC_Min	Break Away 인입 최소 온도	T_BaC 값의 최소값	℃	-40	-17.5
T_BaC_Max	Break Away 인입 최대 온도	T_BaC 값의 최대값	℃	-40	-17.5
P_Tk0C_Min	자동차 용기 최소 초기 온도	P_Tk0C 값의 최소값	MPa	0.5	70
P_Tk0C_Max	자동차 용기 최대 초기 온도	P_Tk0C 값의 최대값	MPa	0.5	70
MaxIter	MaxIter				
PP_Var2	예비	예비			
PP_Var3	예비	예비			
PP_Var4	예비	예비			
PP_Var5	예비	예비			
PP_Var6	예비	예비			
PP_Var7	예비	예비			
PP_Var8	예비	예비			
PP_Var9	예비	예비			
PP_Var10	예비	예비			
PP_Var11	예비	예비			
PP_Var12	예비	예비			
PP_Var13	예비	예비			
PP_Var14	예비	예비			
PP_Var15	예비	예비			
EE_On	평가 실행 여부	 Econamic Analysis (1)On (2)Off	.	0	1
GraphOn	그래프 출력 여부	(0)Graph 미출력, (1)Graph 출력	.	 	
Dal2Won	환율 적용	Dallor to Won 환률	Won/$	0	
Cont_Po	계약 전력	계약전력	kW	0	
Basic_ChR	기본요금단가	기본요금단가	kW	0	
Use_ChR	사용량 요금	사용량요금	Won/kW	0	
FuHrPerDay	일일 가동 시간	daily operating hours	hr	0	
FuDayPerYr	연간 가동 일수	annual operating date	day	0	365
Currency_Elec	통화 종류	통화 종류: (1)한화 (0)미화	Won, $	0	1
x1_Elec	bhp값 사례1	bhp값 사례1	bhp	0	
x2_Elec	bhp값 사례2	bhp값 사례2	bhp	0	
x3_Elec	bhp값 사례3	bhp값 사례3	bhp	0	
x4_Elec	bhp값 사례4	bhp값 사례4	bhp	0	
x5_Elec	bhp값 사례5	bhp값 사례5	bhp	0	
x6_Elec	bhp값 사례6	bhp값 사례6	bhp	0	
x7_Elec	bhp값 사례7	bhp값 사례7	bhp	0	
x8_Elec	bhp값 사례8	bhp값 사례8	bhp	0	
x9_Elec	bhp값 사례9	bhp값 사례9	bhp	0	
x10_Elec	bhp값 사례10	bhp값 사례10	bhp	0	
x11_Elec	bhp값 사례11	bhp값 사례11	bhp	0	
x12_Elec	bhp값 사례12	bhp값 사례12	bhp	0	
x13_Elec	bhp값 사례13	bhp값 사례13	bhp	0	
x14_Elec	bhp값 사례14	bhp값 사례14	bhp	0	
x15_Elec	bhp값 사례15	bhp값 사례15	bhp	0	
y1_Elec	급전설비 설치비 사례1	급전설비 설치비 사례1	$	0	
y2_Elec	급전설비 설치비 사례2	급전설비 설치비 사례2	$	0	
y3_Elec	급전설비 설치비 사례3	급전설비 설치비 사례3	$	0	
y4_Elec	급전설비 설치비 사례4	급전설비 설치비 사례4	$	0	
y5_Elec	급전설비 설치비 사례5	급전설비 설치비 사례5	$	0	
y6_Elec	급전설비 설치비 사례6	급전설비 설치비 사례6	$	0	
y7_Elec	급전설비 설치비 사례7	급전설비 설치비 사례7	$	0	
y8_Elec	급전설비 설치비 사례8	급전설비 설치비 사례8	$	0	
y9_Elec	급전설비 설치비 사례9	급전설비 설치비 사례9	$	0	
y10_Elec	급전설비 설치비 사례10	급전설비 설치비 사례10	$	0	
y11_Elec	급전설비 설치비 사례11	급전설비 설치비 사례11	$	0	
y12_Elec	급전설비 설치비 사례12	급전설비 설치비 사례12	$	0	
y13_Elec	급전설비 설치비 사례13	급전설비 설치비 사례13	$	0	
y14_Elec	급전설비 설치비 사례14	급전설비 설치비 사례14	$	0	
y15_Elec	급전설비 설치비 사례15	급전설비 설치비 사례15	$	0	
Currency_LqTk	통화 종류	통화 종류: (1)한화 (0)미화	$, Won	0	1
x1_LqTk	탱크 저장능력 사례1	Lq 저장탱크 저장능력 사례1	kg	0	
x2_LqTk	탱크 저장능력 사례2	Lq 저장탱크 저장능력 사례2	kg	0	
x3_LqTk	탱크 저장능력 사례3	Lq 저장탱크 저장능력 사례3	kg	0	
x4_LqTk	탱크 저장능력 사례4	Lq 저장탱크 저장능력 사례4	kg	0	
x5_LqTk	탱크 저장능력 사례5	Lq 저장탱크 저장능력 사례5	kg	0	
x6_LqTk	탱크 저장능력 사례6	Lq 저장탱크 저장능력 사례6	kg	0	
x7_LqTk	탱크 저장능력 사례7	Lq 저장탱크 저장능력 사례7	kg	0	
x8_LqTk	탱크 저장능력 사례8	Lq 저장탱크 저장능력 사례8	kg	0	
x9_LqTk	탱크 저장능력 사례9	Lq 저장탱크 저장능력 사례9	kg	0	
x10_LqTk	탱크 저장능력 사례10	Lq 저장탱크 저장능력 사례10	kg	0	
x11_LqTk	탱크 저장능력 사례11	Lq 저장탱크 저장능력 사례11	kg	0	
x12_LqTk	탱크 저장능력 사례12	Lq 저장탱크 저장능력 사례12	kg	0	
x13_LqTk	탱크 저장능력 사례13	Lq 저장탱크 저장능력 사례13	kg	0	
x14_LqTk	탱크 저장능력 사례14	Lq 저장탱크 저장능력 사례14	kg	0	
x15_LqTk	탱크 저장능력 사례15	Lq 저장탱크 저장능력 사례15	kg	0	
y1_LqTk	탱크 구매비용 사례1	Lq 저장탱크 구매비용 사례1	천$	0	
y2_LqTk	탱크 구매비용 사례2	Lq 저장탱크 구매비용 사례2	천$	0	
y3_LqTk	탱크 구매비용 사례3	Lq 저장탱크 구매비용 사례3	천$	0	
y4_LqTk	탱크 구매비용 사례4	Lq 저장탱크 구매비용 사례4	천$	0	
y5_LqTk	탱크 구매비용 사례5	Lq 저장탱크 구매비용 사례5	천$	0	
y6_LqTk	탱크 구매비용 사례6	Lq 저장탱크 구매비용 사례6	천$	0	
y7_LqTk	탱크 구매비용 사례7	Lq 저장탱크 구매비용 사례7	천$	0	
y8_LqTk	탱크 구매비용 사례8	Lq 저장탱크 구매비용 사례8	천$	0	
y9_LqTk	탱크 구매비용 사례9	Lq 저장탱크 구매비용 사례9	천$	0	
y10_LqTk	탱크 구매비용 사례10	Lq 저장탱크 구매비용 사례10	천$	0	
y11_LqTk	탱크 구매비용 사례11	Lq 저장탱크 구매비용 사례11	천$	0	
y12_LqTk	탱크 구매비용 사례12	Lq 저장탱크 구매비용 사례12	천$	0	
y13_LqTk	탱크 구매비용 사례13	Lq 저장탱크 구매비용 사례13	천$	0	
y14_LqTk	탱크 구매비용 사례14	Lq 저장탱크 구매비용 사례14	천$	0	
y15_LqTk	탱크 구매비용 사례15	Lq 저장탱크 구매비용 사례15	천$	0	
Currency_LqPp	통화 종류	통화 종류: (1)한화 (0)미화	$, Won	0	
x1_LqPp	펌프 처리능력 사례1	Lq 펌프 처리능력 사례1	kg/h	0	
x2_LqPp	펌프 처리능력 사례2	Lq 펌프 처리능력 사례2	kg/h	0	
x3_LqPp	펌프 처리능력 사례3	Lq 펌프 처리능력 사례3	kg/h	0	
x4_LqPp	펌프 처리능력 사례4	Lq 펌프 처리능력 사례4	kg/h	0	
x5_LqPp	펌프 처리능력 사례5	Lq 펌프 처리능력 사례5	kg/h	0	
x6_LqPp	펌프 처리능력 사례6	Lq 펌프 처리능력 사례6	kg/h	0	
x7_LqPp	펌프 처리능력 사례7	Lq 펌프 처리능력 사례7	kg/h	0	
x8_LqPp	펌프 처리능력 사례8	Lq 펌프 처리능력 사례8	kg/h	0	
x9_LqPp	펌프 처리능력 사례9	Lq 펌프 처리능력 사례9	kg/h	0	
x10_LqPp	펌프 처리능력 사례10	Lq 펌프 처리능력 사례10	kg/h	0	
x11_LqPp	펌프 처리능력 사례11	Lq 펌프 처리능력 사례11	kg/h	0	
x12_LqPp	펌프 처리능력 사례12	Lq 펌프 처리능력 사례12	kg/h	0	
x13_LqPp	펌프 처리능력 사례13	Lq 펌프 처리능력 사례13	kg/h	0	
x14_LqPp	펌프 처리능력 사례14	Lq 펌프 처리능력 사례14	kg/h	0	
x15_LqPp	펌프 처리능력 사례15	Lq 펌프 처리능력 사례15	kg/h	0	
y1_LqPp	펌프 구매비용 사례1	Lq 펌프 구매비용 사례1	천$	0	
y2_LqPp	펌프 구매비용 사례2	Lq 펌프 구매비용 사례2	천$	0	
y3_LqPp	펌프 구매비용 사례3	Lq 펌프 구매비용 사례3	천$	0	
y4_LqPp	펌프 구매비용 사례4	Lq 펌프 구매비용 사례4	천$	0	
y5_LqPp	펌프 구매비용 사례5	Lq 펌프 구매비용 사례5	천$	0	
y6_LqPp	펌프 구매비용 사례6	Lq 펌프 구매비용 사례6	천$	0	
y7_LqPp	펌프 구매비용 사례7	Lq 펌프 구매비용 사례7	천$	0	
y8_LqPp	펌프 구매비용 사례8	Lq 펌프 구매비용 사례8	천$	0	
y9_LqPp	펌프 구매비용 사례9	Lq 펌프 구매비용 사례9	천$	0	
y10_LqPp	펌프 구매비용 사례10	Lq 펌프 구매비용 사례10	천$	0	
y11_LqPp	펌프 구매비용 사례11	Lq 펌프 구매비용 사례11	천$	0	
y12_LqPp	펌프 구매비용 사례12	Lq 펌프 구매비용 사례12	천$	0	
y13_LqPp	펌프 구매비용 사례13	Lq 펌프 구매비용 사례13	천$	0	
y14_LqPp	펌프 구매비용 사례14	Lq 펌프 구매비용 사례14	천$	0	
y15_LqPp	펌프 구매비용 사례15	Lq 펌프 구매비용 사례15	천$	0	
Currency_Vap	통화 종류	통화 종류: (1)한화 (0)미화	$, Won	0	
x1_Vap	기화기 처리능력 사례1	Lq 기화기 처리능력 사례1	kg/h	0	
x2_Vap	기화기 처리능력 사례2	Lq 기화기 처리능력 사례2	kg/h	0	
x3_Vap	기화기 처리능력 사례3	Lq 기화기 처리능력 사례3	kg/h	0	
x4_Vap	기화기 처리능력 사례4	Lq 기화기 처리능력 사례4	kg/h	0	
x5_Vap	기화기 처리능력 사례5	Lq 기화기 처리능력 사례5	kg/h	0	
x6_Vap	기화기 처리능력 사례6	Lq 기화기 처리능력 사례6	kg/h	0	
x7_Vap	기화기 처리능력 사례7	Lq 기화기 처리능력 사례7	kg/h	0	
x8_Vap	기화기 처리능력 사례8	Lq 기화기 처리능력 사례8	kg/h	0	
x9_Vap	기화기 처리능력 사례9	Lq 기화기 처리능력 사례9	kg/h	0	
x10_Vap	기화기 처리능력 사례10	Lq 기화기 처리능력 사례10	kg/h	0	
x11_Vap	기화기 처리능력 사례11	Lq 기화기 처리능력 사례11	kg/h	0	
x12_Vap	기화기 처리능력 사례12	Lq 기화기 처리능력 사례12	kg/h	0	
x13_Vap	기화기 처리능력 사례13	Lq 기화기 처리능력 사례13	kg/h	0	
x14_Vap	기화기 처리능력 사례14	Lq 기화기 처리능력 사례14	kg/h	0	
x15_Vap	기화기 처리능력 사례15	Lq 기화기 처리능력 사례15	kg/h	0	
y1_Vap	기화기 구매비용 사례1	Lq 기화기 구매비용 사례1	천$	0	
y2_Vap	기화기 구매비용 사례2	Lq 기화기 구매비용 사례2	천$	0	
y3_Vap	기화기 구매비용 사례3	Lq 기화기 구매비용 사례3	천$	0	
y4_Vap	기화기 구매비용 사례4	Lq 기화기 구매비용 사례4	천$	0	
y5_Vap	기화기 구매비용 사례5	Lq 기화기 구매비용 사례5	천$	0	
y6_Vap	기화기 구매비용 사례6	Lq 기화기 구매비용 사례6	천$	0	
y7_Vap	기화기 구매비용 사례7	Lq 기화기 구매비용 사례7	천$	0	
y8_Vap	기화기 구매비용 사례8	Lq 기화기 구매비용 사례8	천$	0	
y9_Vap	기화기 구매비용 사례9	Lq 기화기 구매비용 사례9	천$	0	
y10_Vap	기화기 구매비용 사례10	Lq 기화기 구매비용 사례10	천$	0	
y11_Vap	기화기 구매비용 사례11	Lq 기화기 구매비용 사례11	천$	0	
y12_Vap	기화기 구매비용 사례12	Lq 기화기 구매비용 사례12	천$	0	
y13_Vap	기화기 구매비용 사례13	Lq 기화기 구매비용 사례13	천$	0	
y14_Vap	기화기 구매비용 사례14	Lq 기화기 구매비용 사례14	천$	0	
y15_Vap	기화기 구매비용 사례15	Lq 기화기 구매비용 사례15	천$	0	
Currency_Cp	통화 종류	통화 종류: (1)한화 (0)미화	천$	1	
x1_Cp	압축기 처리용량 사례1	압축기 처리용량 사례1	kg/h	0	
x2_Cp	압축기 처리용량 사례2	압축기 처리용량 사례2	kg/h	0	
x3_Cp	압축기 처리용량 사례3	압축기 처리용량 사례3	kg/h	0	
x4_Cp	압축기 처리용량 사례4	압축기 처리용량 사례4	kg/h	0	
x5_Cp	압축기 처리용량 사례5	압축기 처리용량 사례5	kg/h	0	
x6_Cp	압축기 처리용량 사례6	압축기 처리용량 사례6	kg/h	0	
x7_Cp	압축기 처리용량 사례7	압축기 처리용량 사례7	kg/h	0	
x8_Cp	압축기 처리용량 사례8	압축기 처리용량 사례8	kg/h	0	
x9_Cp	압축기 처리용량 사례9	압축기 처리용량 사례9	kg/h	0	
x10_Cp	압축기 처리용량 사례10	압축기 처리용량 사례10	kg/h	0	
x11_Cp	압축기 처리용량 사례11	압축기 처리용량 사례11	kg/h	0	
x12_Cp	압축기 처리용량 사례12	압축기 처리용량 사례12	kg/h	0	
x13_Cp	압축기 처리용량 사례13	압축기 처리용량 사례13	kg/h	0	
x14_Cp	압축기 처리용량 사례14	압축기 처리용량 사례14	kg/h	0	
x15_Cp	압축기 처리용량 사례15	압축기 처리용량 사례15	kg/h	0	
y1_Cp	압축기 구매비용 사례1	압축기 구매비용 사례1	백만Won	0	
y2_Cp	압축기 구매비용 사례2	압축기 구매비용 사례2	백만Won	0	
y3_Cp	압축기 구매비용 사례3	압축기 구매비용 사례3	백만Won	0	
y4_Cp	압축기 구매비용 사례4	압축기 구매비용 사례4	백만Won	0	
y5_Cp	압축기 구매비용 사례5	압축기 구매비용 사례5	백만Won	0	
y6_Cp	압축기 구매비용 사례6	압축기 구매비용 사례6	백만Won	0	
y7_Cp	압축기 구매비용 사례7	압축기 구매비용 사례7	백만Won	0	
y8_Cp	압축기 구매비용 사례8	압축기 구매비용 사례8	백만Won	0	
y9_Cp	압축기 구매비용 사례9	압축기 구매비용 사례9	백만Won	0	
y10_Cp	압축기 구매비용 사례10	압축기 구매비용 사례10	백만Won	0	
y11_Cp	압축기 구매비용 사례11	압축기 구매비용 사례11	백만Won	0	
y12_Cp	압축기 구매비용 사례12	압축기 구매비용 사례12	백만Won	0	
y13_Cp	압축기 구매비용 사례13	압축기 구매비용 사례13	백만Won	0	
y14_Cp	압축기 구매비용 사례14	압축기 구매비용 사례14	백만Won	0	
y15_Cp	압축기 구매비용 사례15	압축기 구매비용 사례15	백만Won	0	
Currency_LBk	통화 종류	통화 종류: (1)한화 (0)미화	백만Won	1	
x1_LBk	48MPa 미만 뱅크 및 버퍼 저장용량 사례1	압력 48MPa 미만 Bank 및 Buffer저장용량 사례1	kg	0	
x2_LBk	48MPa 미만 뱅크 및 버퍼 저장용량 사례2	압력 48MPa 미만 Bank 및 Buffer저장용량 사례2	kg	0	
x3_LBk	48MPa 미만 뱅크 및 버퍼 저장용량 사례3	압력 48MPa 미만 Bank 및 Buffer저장용량 사례3	kg	0	
x4_LBk	48MPa 미만 뱅크 및 버퍼 저장용량 사례4	압력 48MPa 미만 Bank 및 Buffer저장용량 사례4	kg	0	
x5_LBk	48MPa 미만 뱅크 및 버퍼 저장용량 사례5	압력 48MPa 미만 Bank 및 Buffer저장용량 사례5	kg	0	
x6_LBk	48MPa 미만 뱅크 및 버퍼 저장용량 사례6	압력 48MPa 미만 Bank 및 Buffer저장용량 사례6	kg	0	
x7_LBk	48MPa 미만 뱅크 및 버퍼 저장용량 사례7	압력 48MPa 미만 Bank 및 Buffer저장용량 사례7	kg	0	
x8_LBk	48MPa 미만 뱅크 및 버퍼 저장용량 사례8	압력 48MPa 미만 Bank 및 Buffer저장용량 사례8	kg	0	
x9_LBk	48MPa 미만 뱅크 및 버퍼 저장용량 사례9	압력 48MPa 미만 Bank 및 Buffer저장용량 사례9	kg	0	
x10_LBk	48MPa 미만 뱅크 및 버퍼 저장용량 사례10	압력 48MPa 미만 Bank 및 Buffer저장용량 사례10	kg	0	
x11_LBk	48MPa 미만 뱅크 및 버퍼 저장용량 사례11	압력 48MPa 미만 Bank 및 Buffer저장용량 사례11	kg	0	
x12_LBk	48MPa 미만 뱅크 및 버퍼 저장용량 사례12	압력 48MPa 미만 Bank 및 Buffer저장용량 사례12	kg	0	
x13_LBk	48MPa 미만 뱅크 및 버퍼 저장용량 사례13	압력 48MPa 미만 Bank 및 Buffer저장용량 사례13	kg	0	
x14_LBk	48MPa 미만 뱅크 및 버퍼 저장용량 사례14	압력 48MPa 미만 Bank 및 Buffer저장용량 사례14	kg	0	
x15_LBk	48MPa 미만 뱅크 및 버퍼 저장용량 사례15	압력 48MPa 미만 Bank 및 Buffer저장용량 사례15	kg	0	
y1_LBk	48MPa 미만 뱅크 및 버퍼 구매비용 사례1	압력 48MPa 미만 Bank 및 Buffer구매비용 사례1	백만Won	0	
y2_LBk	48MPa 미만 뱅크 및 버퍼 구매비용 사례2	압력 48MPa 미만 Bank 및 Buffer구매비용 사례2	백만Won	0	
y3_LBk	48MPa 미만 뱅크 및 버퍼 구매비용 사례3	압력 48MPa 미만 Bank 및 Buffer구매비용 사례3	백만Won	0	
y4_LBk	48MPa 미만 뱅크 및 버퍼 구매비용 사례4	압력 48MPa 미만 Bank 및 Buffer구매비용 사례4	백만Won	0	
y5_LBk	48MPa 미만 뱅크 및 버퍼 구매비용 사례5	압력 48MPa 미만 Bank 및 Buffer구매비용 사례5	백만Won	0	
y6_LBk	48MPa 미만 뱅크 및 버퍼 구매비용 사례6	압력 48MPa 미만 Bank 및 Buffer구매비용 사례6	백만Won	0	
y7_LBk	48MPa 미만 뱅크 및 버퍼 구매비용 사례7	압력 48MPa 미만 Bank 및 Buffer구매비용 사례7	백만Won	0	
y8_LBk	48MPa 미만 뱅크 및 버퍼 구매비용 사례8	압력 48MPa 미만 Bank 및 Buffer구매비용 사례8	백만Won	0	
y9_LBk	48MPa 미만 뱅크 및 버퍼 구매비용 사례9	압력 48MPa 미만 Bank 및 Buffer구매비용 사례9	백만Won	0	
y10_LBk	48MPa 미만 뱅크 및 버퍼 구매비용 사례10	압력 48MPa 미만 Bank 및 Buffer구매비용 사례10	백만Won	0	
y11_LBk	48MPa 미만 뱅크 및 버퍼 구매비용 사례11	압력 48MPa 미만 Bank 및 Buffer구매비용 사례11	백만Won	0	
y12_LBk	48MPa 미만 뱅크 및 버퍼 구매비용 사례12	압력 48MPa 미만 Bank 및 Buffer구매비용 사례12	백만Won	0	
y13_LBk	48MPa 미만 뱅크 및 버퍼 구매비용 사례13	압력 48MPa 미만 Bank 및 Buffer구매비용 사례13	백만Won	0	
y14_LBk	48MPa 미만 뱅크 및 버퍼 구매비용 사례14	압력 48MPa 미만 Bank 및 Buffer구매비용 사례14	백만Won	0	
y15_LBk	48MPa 미만 뱅크 및 버퍼 구매비용 사례15	압력 48MPa 미만 Bank 및 Buffer구매비용 사례15	백만Won	0	
Currency_HBk	통화 종류	통화 종류: (1)한화 (0)미화	백만Won	1	
x1_HBk	48MPa 이상 뱅크 저장용량 사례1	압력 48MPa 이상 Bank 저장용량 사례1	kg	0	
x2_HBk	48MPa 이상 뱅크 저장용량 사례2	압력 48MPa 이상 Bank 저장용량 사례2	kg	0	
x3_HBk	48MPa 이상 뱅크 저장용량 사례3	압력 48MPa 이상 Bank 저장용량 사례3	kg	0	
x4_HBk	48MPa 이상 뱅크 저장용량 사례4	압력 48MPa 이상 Bank 저장용량 사례4	kg	0	
x5_HBk	48MPa 이상 뱅크 저장용량 사례5	압력 48MPa 이상 Bank 저장용량 사례5	kg	0	
x6_HBk	48MPa 이상 뱅크 저장용량 사례6	압력 48MPa 이상 Bank 저장용량 사례6	kg	0	
x7_HBk	48MPa 이상 뱅크 저장용량 사례7	압력 48MPa 이상 Bank 저장용량 사례7	kg	0	
x8_HBk	48MPa 이상 뱅크 저장용량 사례8	압력 48MPa 이상 Bank 저장용량 사례8	kg	0	
x9_HBk	48MPa 이상 뱅크 저장용량 사례9	압력 48MPa 이상 Bank 저장용량 사례9	kg	0	
x10_HBk	48MPa 이상 뱅크 저장용량 사례10	압력 48MPa 이상 Bank 저장용량 사례10	kg	0	
x11_HBk	48MPa 이상 뱅크 저장용량 사례11	압력 48MPa 이상 Bank 저장용량 사례11	kg	0	
x12_HBk	48MPa 이상 뱅크 저장용량 사례12	압력 48MPa 이상 Bank 저장용량 사례12	kg	0	
x13_HBk	48MPa 이상 뱅크 저장용량 사례13	압력 48MPa 이상 Bank 저장용량 사례13	kg	0	
x14_HBk	48MPa 이상 뱅크 저장용량 사례14	압력 48MPa 이상 Bank 저장용량 사례14	kg	0	
x15_HBk	48MPa 이상 뱅크 저장용량 사례15	압력 48MPa 이상 Bank 저장용량 사례15	kg	0	
y1_HBk	48MPa 이상 뱅크 구매비용 사례1	압력 48MPa 이상 Bank 구매비용 사례1	백만Won	0	
y2_HBk	48MPa 이상 뱅크 구매비용 사례2	압력 48MPa 이상 Bank 구매비용 사례2	백만Won	0	
y3_HBk	48MPa 이상 뱅크 구매비용 사례3	압력 48MPa 이상 Bank 구매비용 사례3	백만Won	0	
y4_HBk	48MPa 이상 뱅크 구매비용 사례4	압력 48MPa 이상 Bank 구매비용 사례4	백만Won	0	
y5_HBk	48MPa 이상 뱅크 구매비용 사례5	압력 48MPa 이상 Bank 구매비용 사례5	백만Won	0	
y6_HBk	48MPa 이상 뱅크 구매비용 사례6	압력 48MPa 이상 Bank 구매비용 사례6	백만Won	0	
y7_HBk	48MPa 이상 뱅크 구매비용 사례7	압력 48MPa 이상 Bank 구매비용 사례7	백만Won	0	
y8_HBk	48MPa 이상 뱅크 구매비용 사례8	압력 48MPa 이상 Bank 구매비용 사례8	백만Won	0	
y9_HBk	48MPa 이상 뱅크 구매비용 사례9	압력 48MPa 이상 Bank 구매비용 사례9	백만Won	0	
y10_HBk	48MPa 이상 뱅크 구매비용 사례10	압력 48MPa 이상 Bank 구매비용 사례10	백만Won	0	
y11_HBk	48MPa 이상 뱅크 구매비용 사례11	압력 48MPa 이상 Bank 구매비용 사례11	백만Won	0	
y12_HBk	48MPa 이상 뱅크 구매비용 사례12	압력 48MPa 이상 Bank 구매비용 사례12	백만Won	0	
y13_HBk	48MPa 이상 뱅크 구매비용 사례13	압력 48MPa 이상 Bank 구매비용 사례13	백만Won	0	
y14_HBk	48MPa 이상 뱅크 구매비용 사례14	압력 48MPa 이상 Bank 구매비용 사례14	백만Won	0	
y15_HBk	48MPa 이상 뱅크 구매비용 사례15	압력 48MPa 이상 Bank 구매비용 사례15	백만Won	0	
Currency_Disp	통화 종류	통화 종류: (1)한화 (0)미화	백만Won	1	
x1_Disp	충전기 대수 사례1	Dispenser 대수 사례1	ea	0	
x2_Disp	충전기 대수 사례2	Dispenser 대수 사례2	ea	0	
x3_Disp	충전기 대수 사례3	Dispenser 대수 사례3	ea	0	
x4_Disp	충전기 대수 사례4	Dispenser 대수 사례4	ea	0	
x5_Disp	충전기 대수 사례5	Dispenser 대수 사례5	ea	0	
x6_Disp	충전기 대수 사례6	Dispenser 대수 사례6	ea	0	
x7_Disp	충전기 대수 사례7	Dispenser 대수 사례7	ea	0	
x8_Disp	충전기 대수 사례8	Dispenser 대수 사례8	ea	0	
x9_Disp	충전기 대수 사례9	Dispenser 대수 사례9	ea	0	
x10_Disp	충전기 대수 사례10	Dispenser 대수 사례10	ea	0	
x11_Disp	충전기 대수 사례11	Dispenser 대수 사례11	ea	0	
x12_Disp	충전기 대수 사례12	Dispenser 대수 사례12	ea	0	
x13_Disp	충전기 대수 사례13	Dispenser 대수 사례13	ea	0	
x14_Disp	충전기 대수 사례14	Dispenser 대수 사례14	ea	0	
x15_Disp	충전기 대수 사례15	Dispenser 대수 사례15	ea	0	
y1_Disp	충전기 구매비용 사례1	Dispenser 구매비용 사례1	백만Won	0	
y2_Disp	충전기 구매비용 사례2	Dispenser 구매비용 사례2	백만Won	0	
y3_Disp	충전기 구매비용 사례3	Dispenser 구매비용 사례3	백만Won	0	
y4_Disp	충전기 구매비용 사례4	Dispenser 구매비용 사례4	백만Won	0	
y5_Disp	충전기 구매비용 사례5	Dispenser 구매비용 사례5	백만Won	0	
y6_Disp	충전기 구매비용 사례6	Dispenser 구매비용 사례6	백만Won	0	
y7_Disp	충전기 구매비용 사례7	Dispenser 구매비용 사례7	백만Won	0	
y8_Disp	충전기 구매비용 사례8	Dispenser 구매비용 사례8	백만Won	0	
y9_Disp	충전기 구매비용 사례9	Dispenser 구매비용 사례9	백만Won	0	
y10_Disp	충전기 구매비용 사례10	Dispenser 구매비용 사례10	백만Won	0	
y11_Disp	충전기 구매비용 사례11	Dispenser 구매비용 사례11	백만Won	0	
y12_Disp	충전기 구매비용 사례12	Dispenser 구매비용 사례12	백만Won	0	
y13_Disp	충전기 구매비용 사례13	Dispenser 구매비용 사례13	백만Won	0	
y14_Disp	충전기 구매비용 사례14	Dispenser 구매비용 사례14	백만Won	0	
y15_Disp	충전기 구매비용 사례15	Dispenser 구매비용 사례15	백만Won	0	
F_Inst_Comp	압축기 구매비용 대비 설치비용 계수	Commpreser 구매비용 대비 설치비용 계수	.	0	
F_Inst_Bank	뱅크 구매비용 대비 설치비용 계수	Bank 구매비용 대비 설치비용 계수	.	0	
F_Inst_Disp	충전기 구매비용 대비 설치비용 계수	Dispenser 구매비용 대비 설치비용 계수	.	0	
F_Inst_LqTk	액화 수소 탱크 구매비용 대비 설치비용 계수	Lq Tank 구매비용 대비 설치비용 계수	.	0	
F_Inst_LqPp	액화 수소 펌프 구매비용 대비 설치비용 계수	Lq Pump 구매비용 대비 설치비용 계수	.	0	
F_Inst_LqVap	액화 수소 기화기 구매비용 대비 설치비용 계수	Lq Vaporizer 구매비용 대비 설치비용 계수	.	0	
F_Inst_Elec	전력 설비 구매비용 대비 설치비용 계수	전략설비 구매비용 대비 설치비용 계수	.	0	
F_Indi_SitePrep	부지 마련 간접비용 계수	부지 마련 Indirect Capital Cost Factor	.	0	
F_Indi_DesignEng	엔지니어링 및 설계 간접비용 계수	엔지니어링 및 설계 Indirect Capital Cost Factor	.	0	
F_Indi_Contingency	예비비 간접비용 계수	예비비 Indirect Capital Cost Factor	.	0	
F_Indi_Permit	인허가 간접비용 계수	인허가 Indirect Capital Cost Factor	.	0	
F_Indi_Licens	면허 간접비용 계수	면허 Indirect Capital Cost Factor	.	0	
F_Opx_Insurance	CAPEX 대비 보험 비용 계수	CAPEX 대비 보험 비용 계수	.	0	
F_Opx_PropertyTax	CAPEX 대비 재산세 비용 계수	CAPEX 대비 재산세 비용 계수	.	0	
F_Opx_LicenPermit	CAPEX 대비 인허가.면허 비용 계수	CAPEX 대비 인허가.면허 비용 계수	.	0	
F_Opx_OpexComp	총설치비용 대비 압축기 유지관리 비용 계수	총설치비용 대비 압축기 유지관리 비용 계수	.	0	
F_Opx_OpexBk	총설치비용 대비 뱅크 유지관리 비용 계수	총설치비용 대비 Bank 유지관리 비용 계수	.	0	
F_Opx_OpexDisp	총설치비용 대비 충전기 유지관리 비용 계수	총설치비용 대비 Dispenser 유지관리 비용 계수	.	0	
MinPer1Fu	수소차량 1대 충전에 소요되는 인력투입 시간	Mobility 1대 충전에 소요되는 인력투입 시간	min	0	
WorkHrPerDay	1일 근무 시간	1일 근무 시간	hr	0	
WagePerHr	시급	시급	Won/hr	0	
R_OverhGnA	간접비 및 일반관리비: 직접 인건비 대비 비율	간접비 및 일반관리비: 직접 인건비 대비 비율	Won	0	
N_FuHDV_0	개업 시점 대형 차량 1일 충전 대수	HRS 개업 시점 Heavy Duty Vehicle 1일 충전 대수	ea/day	0	
N_FuLDV_0	개업 시점 소형 차량 1일 충전 대수	HRS 개업 시점 Light Duty Vehicle 1일 충전 대수	ea/day	0	
M_1FuHDV	대형 차량에 충전되는 H2 질량	Heavy Duty Vehicle에 충전되는 H2 질량	kg/ea	0	
M_2FuLDV	소형 차량에 충전되는 H2 질량	Light Duty Vehicle에 충전되는 H2 질량	kg/ea	0	
R_GrowHDV	연단위 대형 차량 증가율	연단위 Heavy Duty Vehicle 증가율	.	0	
R_GrowLDV	연단위 소형 차량 증가율	연단위 Light Duty Vehicle 증가율	.	0	
R_H2Loss	충전소에서 수소 구매량 대비 손실율	HRS에서 H2 구매량 대비  손실율	%	0	
t_BrkLDV	소형 차량 충전 준비 시간	LDV 충전 준비 시간	sec	0	
t_BrkHDV	대형 차량 충전 준비 시간	HDV 충전 준비 시간	sec	0	
t_FuLDV	소형 차량 충전 소요 시간	LDV 충전 소요 시간	sec	0	
t_FuHDV	대형 차량 충전 소요 시간	HDV 충전 소요 시간	sec	0	
Currency_YrPrice	통화 종류	통화 종류: (1)한화 (0)미화	Won	1	
x1_YrPrice	연도 사례1	연도 사례1	Yr	0	
x2_YrPrice	연도 사례2	연도 사례2	Yr	0	
x3_YrPrice	연도 사례3	연도 사례3	Yr	0	
x4_YrPrice	연도 사례4	연도 사례4	Yr	0	
x5_YrPrice	연도 사례5	연도 사례5	Yr	0	
x6_YrPrice	연도 사례6	연도 사례6	Yr	0	
x7_YrPrice	연도 사례7	연도 사례7	Yr	0	
x8_YrPrice	연도 사례8	연도 사례8	Yr	0	
x9_YrPrice	연도 사례9	연도 사례9	Yr	0	
x10_YrPrice	연도 사례10	연도 사례10	Yr	0	
x11_YrPrice	연도 사례11	연도 사례11	Yr	0	
x12_YrPrice	연도 사례12	연도 사례12	Yr	0	
x13_YrPrice	연도 사례13	연도 사례13	Yr	0	
x14_YrPrice	연도 사례14	연도 사례14	Yr	0	
x15_YrPrice	연도 사례15	연도 사례15	Yr	0	
y1_Price	판매비용 사례1	판매비용 사례1	Won/kg	0	
y2_Price	판매비용 사례2	판매비용 사례2	Won/kg	0	
y3_Price	판매비용 사례3	판매비용 사례3	Won/kg	0	
y4_Price	판매비용 사례4	판매비용 사례4	Won/kg	0	
y5_Price	판매비용 사례5	판매비용 사례5	Won/kg	0	
y6_Price	판매비용 사례6	판매비용 사례6	Won/kg	0	
y7_Price	판매비용 사례7	판매비용 사례7	Won/kg	0	
y8_Price	판매비용 사례8	판매비용 사례8	Won/kg	0	
y9_Price	판매비용 사례9	판매비용 사례9	Won/kg	0	
y10_Price	판매비용 사례10	판매비용 사례10	Won/kg	0	
y11_Price	판매비용 사례11	판매비용 사례11	Won/kg	0	
y12_Price	판매비용 사례12	판매비용 사례12	Won/kg	0	
y13_Price	판매비용 사례13	판매비용 사례13	Won/kg	0	
y14_Price	판매비용 사례14	판매비용 사례14	Won/kg	0	
y15_Price	판매비용 사례15	판매비용 사례15	Won/kg	0	
Currency_YrPurch	통화 종류	통화 종류: (1)한화 (0)미화	Won	1	
x1_YrPurch	연도 사례1	연도 사례1	Yr	0	
x2_YrPurch	연도 사례2	연도 사례2	Yr	0	
x3_YrPurch	연도 사례3	연도 사례3	Yr	0	
x4_YrPurch	연도 사례4	연도 사례4	Yr	0	
x5_YrPurch	연도 사례5	연도 사례5	Yr	0	
x6_YrPurch	연도 사례6	연도 사례6	Yr	0	
x7_YrPurch	연도 사례7	연도 사례7	Yr	0	
x8_YrPurch	연도 사례8	연도 사례8	Yr	0	
x9_YrPurch	연도 사례9	연도 사례9	Yr	0	
x10_YrPurch	연도 사례10	연도 사례10	Yr	0	
x11_YrPurch	연도 사례11	연도 사례11	Yr	0	
x12_YrPurch	연도 사례12	연도 사례12	Yr	0	
x13_YrPurch	연도 사례13	연도 사례13	Yr	0	
x14_YrPurch	연도 사례14	연도 사례14	Yr	0	
x15_YrPurch	연도 사례15	연도 사례15	Yr	0	
y1_Purch	구매비용 사례1	구매비용 사례1	Won/kg	0	
y2_Purch	구매비용 사례2	구매비용 사례2	Won/kg	0	
y3_Purch	구매비용 사례3	구매비용 사례3	Won/kg	0	
y4_Purch	구매비용 사례4	구매비용 사례4	Won/kg	0	
y5_Purch	구매비용 사례5	구매비용 사례5	Won/kg	0	
y6_Purch	구매비용 사례6	구매비용 사례6	Won/kg	0	
y7_Purch	구매비용 사례7	구매비용 사례7	Won/kg	0	
y8_Purch	구매비용 사례8	구매비용 사례8	Won/kg	0	
y9_Purch	구매비용 사례9	구매비용 사례9	Won/kg	0	
y10_Purch	구매비용 사례10	구매비용 사례10	Won/kg	0	
y11_Purch	구매비용 사례11	구매비용 사례11	Won/kg	0	
y12_Purch	구매비용 사례12	구매비용 사례12	Won/kg	0	
y13_Purch	구매비용 사례13	구매비용 사례13	Won/kg	0	
y14_Purch	구매비용 사례14	구매비용 사례14	Won/kg	0	
y15_Purch	구매비용 사례15	구매비용 사례15	Won/kg	0	
R_Inflation	물가인상율	물가인상율	%	0	
R_WageIncrease	임금인상율	임금인상율	%	0	
R_ElecBillIncrease	전기요금인상율	전기요금인상율	%	0	
R_Depreciation	연간상각율	연간상각율	%	0	
R_SalvageVal	잔존가치 비율	잔존가치 비율	%	0	
R_Discount	사회적 할인율	사회적 할인율	%	0	
Yr_Life	내용수명	내용수명	yr	0	
Yr_Base	기준연도	기준연도	Yr	0	
Yr_DoStart	운영개시연도	운영개시연도	Yr	0	
Yr_EE	경제성평가 기간	경제성평가 기간	Yr	0	